编号,地理位置省,地理位置市,1.您的年龄是？,2.您的性别是？,3.您目前的最高学历是（含在读）？,4.您的个人月收入约为？,5.您对个人隐私保护的关注程度为？,6.您对疫情防控中个人隐私保护的关注程度为？,7.您对疫情防控中政府公开的流调信息的关注程度为？,8.流调信息中需要公开确诊病例的姓名信息,9.流调信息中需要公开确诊病例的性别信息,10.流调信息中需要公开确诊病例的籍贯信息,11.流调信息中需要公开确诊病例的年龄信息,12.流调信息中需要公开确诊病例与其他确诊病例之间的关系,13.流调信息中需要公开确诊病例的居住地址信息,14.此题请选择“1”,15.流调信息中需要公开确诊病例的工作职业信息,16.流调信息中需要公开确诊病例的工作地址信息,17.流调信息中需要公开确诊病例的行程轨迹信息,18.流调信息中需要公开确诊病例的行程与使用的交通工具信息,19.流调信息中需要公开确诊病例行程轨迹涉及的活动内容,20.您在何种程度上同意以下说法我能从上述流调信息案例中获取我想要的信息:案例1,20.您在何种程度上同意以下说法我能从上述流调信息案例中获取我想要的信息:案例2,20.您在何种程度上同意以下说法我能从上述流调信息案例中获取我想要的信息:案例3,21.您在何种程度上同意以下说法我觉得上述流调信息案例公开的信息过多了。:案例1,21.您在何种程度上同意以下说法我觉得上述流调信息案例公开的信息过多了。:案例2,21.您在何种程度上同意以下说法我觉得上述流调信息案例公开的信息过多了。:案例3
363,湖南省,,E.41~50岁,A.男,B.高中/中专,D.3001~6000元,3,3,3,3,5,5,5,5,5,3,5,5,5,5,5,5,5,5,3,4,4
362,江苏省,,B.18~24岁,B.女,D.大学本科,A.仍为在校学生,4,4,2,2,5,4,4,3,1,1,2,1,5,5,4,4,2,3,4,2,3
361,广东省,,B.18~24岁,B.女,D.大学本科,A.仍为在校学生,3,3,3,4,2,2,2,2,3,2,2,2,3,4,3,5,5,5,4,2,4
360,北京市,北京市,B.18~24岁,A.男,D.大学本科,A.仍为在校学生,5,5,5,1,1,1,1,1,1,1,1,1,1,1,1,5,5,5,5,5,5
359,广东省,,B.18~24岁,B.女,D.大学本科,A.仍为在校学生,5,5,3,4,4,5,5,5,5,1,1,3,5,5,5,5,5,5,4,4,4
358,广东省,,E.41~50岁,A.男,A.初中及以下,D.3001~6000元,3,3,4,4,5,5,5,5,5,1,5,5,5,5,5,5,5,5,1,1,1
357,广东省,,B.18~24岁,B.女,D.大学本科,A.仍为在校学生,4,4,3,4,4,4,4,3,3,1,3,4,5,5,4,4,4,4,3,3,3
356,广东省,,B.18~24岁,A.男,D.大学本科,A.仍为在校学生,5,5,3,1,1,4,5,5,4,1,5,5,5,4,1,4,2,2,4,2,2
355,广东省,广州市,B.18~24岁,B.女,D.大学本科,C.1000~3000元,4,4,2,3,4,4,4,5,3,1,3,2,5,5,4,4,3,5,3,2,2
354,湖北省,武汉市,B.18~24岁,B.女,D.大学本科,A.仍为在校学生,5,4,4,4,3,3,3,4,4,1,3,4,5,5,5,2,2,2,1,1,1
353,广东省,,B.18~24岁,A.男,D.大学本科,A.仍为在校学生,1,1,1,2,3,2,2,2,2,1,2,2,4,5,3,2,5,5,3,3,3
352,广东省,,B.18~24岁,A.男,D.大学本科,A.仍为在校学生,5,5,5,5,3,5,3,3,5,1,3,5,5,5,3,5,2,2,5,3,3
351,广东省,,B.18~24岁,A.男,D.大学本科,A.仍为在校学生,5,4,3,3,1,1,2,3,5,1,1,5,5,5,1,5,3,3,5,2,2
350,广东省,,B.18~24岁,B.女,D.大学本科,A.仍为在校学生,5,4,4,3,3,3,3,4,4,1,2,4,5,5,5,5,3,2,2,2,2
349,广东省,广州市,B.18~24岁,B.女,E.硕士及以上,A.仍为在校学生,4,3,3,4,4,3,3,4,4,1,4,4,5,5,5,4,2,4,3,3,3
348,广东省,,E.41~50岁,A.男,B.高中/中专,E.6001~10000元,5,5,5,1,1,5,5,5,5,1,5,5,5,5,5,5,5,5,5,5,5
347,重庆市,重庆市,B.18~24岁,A.男,E.硕士及以上,A.仍为在校学生,4,4,4,1,1,2,1,3,3,1,3,3,4,4,4,3,3,3,2,2,2
346,广东省,广州市,B.18~24岁,B.女,D.大学本科,A.仍为在校学生,4,4,3,2,3,4,3,4,4,1,2,4,5,5,5,4,3,3,4,3,3
345,广东省,,D.31~40岁,A.男,A.初中及以下,D.3001~6000元,5,5,5,5,5,5,5,5,5,5,5,5,5,5,5,5,5,5,5,5,5
344,广东省,广州市,B.18~24岁,B.女,D.大学本科,A.仍为在校学生,5,4,3,1,5,5,5,5,5,1,2,2,5,5,5,5,2,3,1,1,1
343,广东省,广州市,B.18~24岁,B.女,D.大学本科,A.仍为在校学生,3,4,4,2,4,4,2,2,3,1,1,1,4,4,3,4,2,2,3,2,2
342,广西壮族自治区,南宁市,F.51~60岁,A.男,A.初中及以下,C.1000~3000元,5,5,5,5,5,1,5,5,1,1,1,1,5,5,5,1,4,4,1,4,4
341,广东省,,B.18~24岁,B.女,D.大学本科,A.仍为在校学生,5,3,3,3,4,4,3,4,4,1,2,2,4,5,5,5,3,4,3,1,1
340,广东省,广州市,B.18~24岁,B.女,D.大学本科,G.15001~20000元,5,5,5,1,1,3,4,3,4,3,3,3,1,1,5,5,5,5,5,5,5
339,广东省,,B.18~24岁,B.女,D.大学本科,A.仍为在校学生,4,4,5,2,2,4,2,3,5,1,3,5,5,5,5,5,5,5,1,1,1
338,广东省,,B.18~24岁,A.男,D.大学本科,A.仍为在校学生,2,3,4,3,3,3,3,3,3,1,3,3,3,3,3,5,3,3,4,3,4
337,北京市,北京市,B.18~24岁,A.男,D.大学本科,A.仍为在校学生,5,3,3,3,3,2,3,3,3,1,3,1,4,4,1,4,2,3,2,3,2
336,广东省,,D.31~40岁,B.女,E.硕士及以上,A.仍为在校学生,4,4,4,3,3,4,4,4,4,4,3,3,4,4,4,5,2,2,2,4,4
335,广东省,,B.18~24岁,B.女,E.硕士及以上,A.仍为在校学生,3,3,3,1,1,1,1,4,4,1,3,3,3,4,4,4,2,1,1,2,3
334,广东省,,B.18~24岁,B.女,D.大学本科,A.仍为在校学生,4,4,2,3,3,2,4,2,4,1,2,4,5,5,2,5,3,4,4,2,3
333,北京市,,B.18~24岁,B.女,D.大学本科,A.仍为在校学生,4,4,3,3,3,2,3,3,3,1,2,3,3,3,3,3,3,3,3,3,3
332,广东省,,E.41~50岁,A.男,B.高中/中专,E.6001~10000元,3,3,4,4,5,5,5,5,5,1,5,5,5,5,5,5,5,5,3,4,3
331,广东省,广州市,C.25~30岁,A.男,E.硕士及以上,A.仍为在校学生,4,5,4,1,1,1,4,5,4,1,2,2,4,4,2,1,4,4,5,3,2
330,北京市,北京市,C.25~30岁,A.男,E.硕士及以上,A.仍为在校学生,3,3,3,4,4,3,3,3,5,1,3,3,4,3,4,3,3,3,2,2,2
329,北京市,北京市,C.25~30岁,B.女,E.硕士及以上,A.仍为在校学生,4,4,4,3,3,3,3,4,4,1,4,4,4,4,4,3,3,3,3,3,3
328,北京市,北京市,B.18~24岁,A.男,D.大学本科,A.仍为在校学生,4,4,4,5,5,5,5,4,5,1,3,4,5,5,5,4,3,4,4,3,3
327,广东省,,B.18~24岁,A.男,D.大学本科,A.仍为在校学生,3,3,3,2,3,1,4,4,5,1,2,5,5,5,5,5,5,5,3,3,3
326,江西省,赣州市,B.18~24岁,A.男,D.大学本科,A.仍为在校学生,5,5,5,2,1,1,1,1,1,1,1,1,4,4,2,4,2,3,5,4,2
325,北京市,北京市,B.18~24岁,A.男,E.硕士及以上,A.仍为在校学生,4,5,5,3,3,4,4,4,4,1,1,1,1,5,4,5,5,5,5,5,5
324,浙江省,,D.31~40岁,B.女,E.硕士及以上,F.10001~15000元,5,5,4,3,3,1,1,3,4,1,4,1,4,4,4,4,4,4,3,3,3
323,江苏省,,B.18~24岁,B.女,D.大学本科,A.仍为在校学生,5,5,5,3,3,3,2,3,2,2,3,3,3,5,5,3,3,3,3,3,3
322,北京市,北京市,C.25~30岁,A.男,E.硕士及以上,H.20000元以上,5,4,4,1,2,1,2,5,3,1,2,4,5,5,4,4,4,3,3,3,4
321,湖北省,武汉市,B.18~24岁,A.男,E.硕士及以上,A.仍为在校学生,3,3,3,3,3,4,3,4,4,3,3,3,4,4,4,4,4,4,4,4,4
320,广西壮族自治区,梧州市,B.18~24岁,A.男,D.大学本科,A.仍为在校学生,5,5,5,4,2,2,2,2,4,1,3,4,5,5,5,4,4,3,2,2,2
319,云南省,昆明市,C.25~30岁,A.男,E.硕士及以上,A.仍为在校学生,5,4,4,3,3,3,1,5,4,1,3,4,5,5,5,4,4,4,3,3,3
318,广西壮族自治区,南宁市,D.31~40岁,B.女,B.高中/中专,D.3001~6000元,3,5,5,3,4,4,4,4,3,1,2,2,5,5,5,5,5,5,4,4,4
317,北京市,,B.18~24岁,B.女,D.大学本科,A.仍为在校学生,5,5,5,1,3,1,1,3,3,1,1,3,4,5,2,5,4,1,4,2,1
316,江西省,,B.18~24岁,A.男,D.大学本科,A.仍为在校学生,5,4,5,1,1,1,4,2,1,1,2,1,5,5,4,3,3,3,3,3,3
315,广东省,,E.41~50岁,B.女,A.初中及以下,C.1000~3000元,1,5,5,5,5,5,5,5,5,1,5,5,5,5,5,5,5,5,1,1,1
314,上海市,上海市,B.18~24岁,A.男,D.大学本科,A.仍为在校学生,4,5,4,1,1,1,1,1,4,1,1,3,1,4,1,1,3,4,5,3,2
313,广东省,,D.31~40岁,A.男,D.大学本科,F.10001~15000元,4,4,2,3,5,5,5,5,4,1,3,3,5,4,2,5,1,3,2,1,1
312,广东省,广州市,B.18~24岁,B.女,E.硕士及以上,E.6001~10000元,5,5,5,3,3,2,2,2,2,1,3,3,3,5,4,3,3,3,3,3,3
311,上海市,上海市,B.18~24岁,A.男,D.大学本科,A.仍为在校学生,5,3,4,2,2,2,2,4,4,1,2,4,4,4,4,4,4,4,2,2,2
310,浙江省,,B.18~24岁,B.女,D.大学本科,A.仍为在校学生,3,2,2,1,3,2,3,5,5,1,4,4,5,5,5,4,2,3,3,1,3
309,广东省,,B.18~24岁,B.女,D.大学本科,A.仍为在校学生,4,4,3,2,5,4,3,5,5,1,2,2,5,5,5,5,3,3,3,2,2
308,广东省,,B.18~24岁,A.男,D.大学本科,A.仍为在校学生,4,4,4,2,4,4,2,2,4,1,3,3,4,4,4,4,4,4,2,2,2
307,广东省,,D.31~40岁,B.女,B.高中/中专,C.1000~3000元,5,5,5,5,5,5,5,5,5,1,5,1,5,5,5,5,5,5,5,5,5
306,山西省,,C.25~30岁,B.女,E.硕士及以上,C.1000~3000元,3,2,2,3,2,4,3,4,4,1,2,3,5,5,5,5,5,5,2,2,2
305,贵州省,贵阳市,E.41~50岁,A.男,C.大专,D.3001~6000元,3,3,3,3,3,3,3,4,3,2,4,5,5,5,5,3,4,3,2,2,2
304,香港,,B.18~24岁,B.女,D.大学本科,A.仍为在校学生,4,4,4,2,2,3,2,2,3,1,2,2,2,3,1,3,3,3,4,2,3
303,广东省,广州市,C.25~30岁,A.男,E.硕士及以上,F.10001~15000元,4,4,4,4,4,5,5,5,5,1,3,5,5,5,5,5,5,5,3,3,3
302,福建省,福州市,B.18~24岁,B.女,D.大学本科,D.3001~6000元,4,4,4,4,4,4,4,4,4,4,4,4,4,4,4,4,3,2,4,4,3
301,,,B.18~24岁,B.女,E.硕士及以上,A.仍为在校学生,5,5,5,3,5,3,5,5,3,1,2,2,4,4,3,4,3,2,2,1,1
300,广西壮族自治区,百色市,E.41~50岁,B.女,D.大学本科,D.3001~6000元,5,5,4,1,1,1,1,1,1,1,1,1,5,5,5,5,5,5,1,1,1
299,广东省,深圳市,C.25~30岁,A.男,D.大学本科,F.10001~15000元,3,3,3,4,2,2,2,4,2,2,2,2,4,4,4,4,4,4,2,2,2
298,广西壮族自治区,,E.41~50岁,B.女,B.高中/中专,C.1000~3000元,4,4,3,3,4,3,4,5,4,1,5,2,5,5,5,4,3,5,4,4,3
297,广东省,揭阳市,D.31~40岁,A.男,B.高中/中专,E.6001~10000元,4,5,5,5,5,4,4,4,3,2,5,4,3,2,5,5,4,4,5,5,5
296,广东省,,B.18~24岁,A.男,D.大学本科,A.仍为在校学生,5,5,4,5,5,5,5,4,3,1,4,3,5,5,4,4,2,2,4,2,2
295,湖南省,长沙市,B.18~24岁,B.女,D.大学本科,A.仍为在校学生,4,4,3,3,4,4,4,2,2,1,1,1,5,5,5,5,5,5,3,3,3
294,广西壮族自治区,南宁市,F.51~60岁,A.男,B.高中/中专,D.3001~6000元,4,5,4,2,4,2,3,4,3,1,4,3,4,5,2,4,4,4,3,3,3
293,广东省,河源市,B.18~24岁,A.男,D.大学本科,A.仍为在校学生,5,5,3,3,3,1,4,1,1,1,2,1,5,5,5,4,4,4,3,3,3
292,广东省,广州市,B.18~24岁,B.女,D.大学本科,A.仍为在校学生,3,3,3,2,4,2,2,4,4,1,2,4,4,4,4,4,4,4,2,3,3
291,广东省,广州市,B.18~24岁,A.男,D.大学本科,A.仍为在校学生,5,5,5,1,5,1,5,5,1,1,1,1,1,1,1,5,5,5,5,5,5
290,广东省,深圳市,G.61岁及以上,B.女,A.初中及以下,B.1000元以下,5,5,5,5,5,5,5,5,5,5,5,5,5,5,5,5,5,5,5,5,5
289,广东省,深圳市,C.25~30岁,B.女,D.大学本科,E.6001~10000元,5,5,4,4,5,3,3,2,1,1,1,1,4,4,2,4,4,4,4,2,2
288,广东省,广州市,B.18~24岁,A.男,D.大学本科,A.仍为在校学生,4,4,4,3,3,3,3,3,3,3,3,3,3,3,3,3,3,3,3,3,3
287,广东省,广州市,B.18~24岁,A.男,D.大学本科,A.仍为在校学生,5,4,5,1,5,2,4,4,5,1,2,5,5,5,5,5,2,2,1,1,1
286,广东省,湛江市,B.18~24岁,B.女,D.大学本科,A.仍为在校学生,3,3,3,3,4,4,4,4,3,1,3,3,4,4,4,4,4,4,2,2,2
285,广东省,,B.18~24岁,B.女,D.大学本科,A.仍为在校学生,3,2,3,3,3,3,4,4,4,1,4,4,4,4,4,4,4,3,4,3,3
284,广东省,,B.18~24岁,B.女,D.大学本科,A.仍为在校学生,4,4,4,5,5,3,5,5,5,1,3,5,5,5,5,4,4,2,4,2,1
283,广东省,,D.31~40岁,B.女,C.大专,E.6001~10000元,5,5,5,5,5,5,5,5,5,1,5,5,5,5,5,3,4,5,4,3,1
282,广东省,,F.51~60岁,A.男,A.初中及以下,E.6001~10000元,5,5,5,5,5,5,5,5,5,1,5,5,5,5,5,5,5,5,5,5,5
281,广西壮族自治区,贵港市,F.51~60岁,A.男,D.大学本科,D.3001~6000元,4,4,4,3,3,3,2,3,3,1,2,2,5,5,5,4,2,2,4,2,2
280,广东省,广州市,C.25~30岁,B.女,D.大学本科,E.6001~10000元,4,4,2,1,5,1,1,5,5,1,1,1,5,5,5,5,3,2,4,2,1
279,北京市,北京市,F.51~60岁,A.男,C.大专,D.3001~6000元,4,3,4,4,4,5,5,5,5,5,2,4,5,5,5,5,5,5,4,4,4
278,广东省,,B.18~24岁,B.女,E.硕士及以上,A.仍为在校学生,3,3,3,3,5,5,5,5,5,1,2,5,5,5,5,4,4,4,4,3,4
277,广东省,,B.18~24岁,A.男,D.大学本科,A.仍为在校学生,4,5,4,4,4,4,4,2,3,1,2,2,4,4,3,4,4,4,4,3,3
276,香港,,B.18~24岁,A.男,D.大学本科,A.仍为在校学生,4,3,3,2,4,4,2,3,4,1,1,4,5,5,5,4,2,2,3,3,3
275,广西壮族自治区,,E.41~50岁,B.女,B.高中/中专,C.1000~3000元,4,5,5,5,3,5,3,5,5,1,5,3,5,5,5,5,1,1,1,1,5
274,广东省,广州市,F.51~60岁,A.男,B.高中/中专,D.3001~6000元,5,1,5,5,5,5,5,5,5,1,5,5,5,5,5,5,5,5,5,5,5
273,广东省,广州市,B.18~24岁,B.女,D.大学本科,A.仍为在校学生,4,2,4,3,2,3,2,3,3,1,2,2,5,5,5,5,2,3,2,1,1
272,广东省,,B.18~24岁,B.女,D.大学本科,A.仍为在校学生,3,3,2,4,4,4,4,5,5,1,3,5,5,5,5,5,3,4,3,2,5
271,广东省,,C.25~30岁,A.男,B.高中/中专,D.3001~6000元,5,5,5,5,5,5,5,5,5,1,5,5,5,5,5,5,5,5,5,5,5
270,广东省,,E.41~50岁,B.女,B.高中/中专,C.1000~3000元,5,5,5,4,4,4,4,4,4,1,4,4,4,4,1,3,3,3,2,2,2
269,广东省,,D.31~40岁,B.女,B.高中/中专,E.6001~10000元,5,5,5,5,5,5,5,5,5,1,5,5,5,5,5,5,5,5,5,5,5
268,广东省,,B.18~24岁,A.男,D.大学本科,A.仍为在校学生,3,3,1,5,3,1,4,5,4,1,2,4,4,5,5,5,4,4,2,2,2
267,广东省,深圳市,E.41~50岁,A.男,A.初中及以下,D.3001~6000元,3,5,5,5,5,5,5,5,5,1,5,5,5,5,5,5,5,5,1,1,1
266,广东省,佛山市,B.18~24岁,B.女,D.大学本科,B.1000元以下,5,3,3,1,1,1,1,1,1,1,1,1,3,2,2,5,5,5,5,3,3
265,广东省,广州市,B.18~24岁,B.女,D.大学本科,A.仍为在校学生,4,3,3,4,4,2,3,4,4,1,1,5,5,5,5,4,1,1,2,1,1
264,广西壮族自治区,,D.31~40岁,B.女,E.硕士及以上,E.6001~10000元,5,5,5,1,5,5,5,5,5,1,5,5,5,5,5,5,5,5,3,3,3
263,广东省,,D.31~40岁,B.女,A.初中及以下,D.3001~6000元,5,5,5,5,5,5,5,5,5,5,5,5,5,5,5,5,5,5,5,5,5
262,广东省,,B.18~24岁,B.女,D.大学本科,A.仍为在校学生,4,3,3,2,3,2,4,4,2,1,1,1,5,5,3,2,2,4,4,2,3
261,广东省,,B.18~24岁,A.男,D.大学本科,A.仍为在校学生,3,1,4,1,2,4,2,5,5,1,4,5,5,1,5,4,4,4,4,4,3
260,广东省,,B.18~24岁,A.男,D.大学本科,B.1000元以下,5,5,5,2,5,5,5,3,2,1,2,1,3,3,1,4,1,3,2,4,1
259,香港,,B.18~24岁,A.男,E.硕士及以上,F.10001~15000元,4,4,4,5,2,3,5,5,4,1,3,4,4,4,2,4,4,3,3,3,3
258,湖南省,长沙市,B.18~24岁,B.女,D.大学本科,A.仍为在校学生,3,2,4,3,4,5,1,4,3,1,2,2,1,5,5,3,4,3,3,4,3
257,广东省,,F.51~60岁,A.男,A.初中及以下,E.6001~10000元,5,5,5,5,5,5,5,5,5,5,5,5,5,5,5,5,5,5,5,5,5
256,广东省,广州市,B.18~24岁,B.女,D.大学本科,A.仍为在校学生,4,3,4,2,3,2,3,5,4,1,3,4,5,5,4,4,3,3,2,2,2
255,广东省,,B.18~24岁,B.女,D.大学本科,A.仍为在校学生,5,5,3,3,2,3,3,3,3,1,2,3,4,4,3,2,3,4,4,3,3
254,广东省,广州市,B.18~24岁,A.男,D.大学本科,A.仍为在校学生,5,5,5,2,2,1,2,2,4,1,2,4,5,4,5,4,2,3,3,2,2
253,广东省,河源市,E.41~50岁,A.男,A.初中及以下,D.3001~6000元,5,5,5,5,5,5,5,5,5,1,2,1,5,5,5,5,5,5,1,1,1
252,广东省,,G.61岁及以上,C.其他,E.硕士及以上,H.20000元以上,5,5,5,5,5,5,5,5,5,5,5,5,5,5,5,3,4,3,3,4,2
251,广东省,佛山市,B.18~24岁,B.女,D.大学本科,C.1000~3000元,4,4,3,4,5,3,3,5,5,1,2,5,5,5,5,5,2,2,3,2,2
250,广东省,深圳市,B.18~24岁,B.女,D.大学本科,A.仍为在校学生,4,4,4,4,5,3,4,5,5,1,4,4,4,4,4,3,5,2,2,3,1
249,湖北省,武汉市,B.18~24岁,B.女,D.大学本科,C.1000~3000元,4,4,4,2,2,2,2,3,1,1,3,1,4,4,1,3,2,4,5,2,2
248,广东省,广州市,B.18~24岁,B.女,C.大专,A.仍为在校学生,3,3,3,1,1,1,1,3,4,1,2,2,5,5,5,3,3,5,5,3,3
247,广东省,广州市,B.18~24岁,A.男,D.大学本科,A.仍为在校学生,3,1,3,3,3,3,3,3,3,3,3,3,3,3,3,3,3,3,3,3,3
246,广东省,广州市,B.18~24岁,B.女,D.大学本科,A.仍为在校学生,3,3,1,2,5,1,3,2,3,1,2,2,5,5,4,4,2,3,2,3,4
245,广东省,广州市,B.18~24岁,B.女,D.大学本科,A.仍为在校学生,5,3,3,5,5,3,5,5,5,1,1,3,5,5,5,5,2,5,2,1,2
244,广东省,,B.18~24岁,B.女,D.大学本科,A.仍为在校学生,3,3,2,4,4,3,3,4,4,1,2,5,5,5,5,4,3,3,2,2,2
243,广东省,广州市,B.18~24岁,B.女,D.大学本科,A.仍为在校学生,4,1,1,5,5,1,5,5,5,1,1,1,5,5,1,5,1,1,1,1,1
242,广东省,佛山市,E.41~50岁,A.男,B.高中/中专,H.20000元以上,3,3,3,4,4,5,3,5,5,5,4,5,5,5,5,5,4,4,4,4,4
241,广东省,广州市,B.18~24岁,B.女,D.大学本科,A.仍为在校学生,5,4,4,2,5,2,5,5,5,1,5,5,5,5,5,5,2,3,3,3,3
240,广东省,,B.18~24岁,A.男,D.大学本科,A.仍为在校学生,4,4,2,3,2,2,2,3,3,1,2,3,3,3,2,3,3,3,4,4,3
239,广东省,广州市,B.18~24岁,B.女,D.大学本科,A.仍为在校学生,4,4,4,2,4,2,4,2,4,1,2,2,5,5,5,4,2,2,1,4,4
238,广东省,,E.41~50岁,A.男,B.高中/中专,E.6001~10000元,3,3,3,3,3,3,3,3,3,3,3,3,3,3,3,5,5,5,3,3,3
237,广东省,,B.18~24岁,B.女,D.大学本科,C.1000~3000元,5,5,5,5,3,2,1,1,1,1,1,1,4,4,1,5,3,4,5,2,5
236,北京市,北京市,B.18~24岁,B.女,D.大学本科,A.仍为在校学生,4,4,2,2,2,2,2,4,2,1,2,2,4,4,4,4,4,4,4,4,4
235,湖北省,武汉市,B.18~24岁,B.女,E.硕士及以上,A.仍为在校学生,4,5,4,1,1,1,1,1,1,1,1,1,1,5,1,3,3,3,5,5,5
234,广东省,,B.18~24岁,A.男,C.大专,A.仍为在校学生,4,4,4,4,4,4,4,4,4,1,4,4,4,4,4,4,4,4,4,4,3
233,广东省,,B.18~24岁,B.女,D.大学本科,A.仍为在校学生,3,3,3,4,4,3,3,2,5,1,3,4,4,4,4,5,4,4,3,3,3
232,江苏省,南京市,B.18~24岁,B.女,E.硕士及以上,A.仍为在校学生,5,5,5,2,1,1,1,4,4,1,1,4,5,5,5,5,2,4,3,2,3
231,广东省,,B.18~24岁,B.女,D.大学本科,D.3001~6000元,5,3,3,4,4,3,3,1,2,1,1,1,5,5,3,4,4,4,5,2,3
230,广东省,,B.18~24岁,A.男,D.大学本科,C.1000~3000元,3,1,1,5,5,2,5,5,5,1,5,5,5,5,5,5,4,2,1,1,1
229,广东省,,B.18~24岁,A.男,D.大学本科,A.仍为在校学生,5,5,5,3,3,3,3,3,3,1,3,3,3,3,3,2,2,3,3,3,3
228,广东省,广州市,B.18~24岁,B.女,D.大学本科,A.仍为在校学生,3,2,4,2,2,3,2,3,4,1,2,4,5,5,5,5,4,4,5,2,2
227,广东省,汕头市,E.41~50岁,B.女,D.大学本科,C.1000~3000元,5,5,5,5,5,5,5,5,5,5,5,5,5,5,5,5,5,5,3,3,3
226,广东省,,B.18~24岁,B.女,D.大学本科,A.仍为在校学生,4,3,5,1,3,3,3,3,5,1,2,5,5,5,2,5,5,5,1,1,1
225,广东省,,B.18~24岁,B.女,D.大学本科,A.仍为在校学生,3,3,4,3,4,2,3,4,4,1,2,4,4,4,4,4,3,3,2,2,2
224,宁夏回族自治区,,B.18~24岁,A.男,B.高中/中专,A.仍为在校学生,3,2,3,5,5,5,5,5,3,1,3,3,4,4,4,4,3,3,3,2,2
223,广东省,佛山市,E.41~50岁,B.女,B.高中/中专,D.3001~6000元,5,5,3,3,3,3,3,3,3,3,3,2,2,3,3,3,3,3,4,2,2
222,湖南省,湘潭市,E.41~50岁,B.女,B.高中/中专,C.1000~3000元,5,5,5,5,5,5,5,5,5,1,1,5,5,5,5,5,5,5,1,1,1
221,湖南省,长沙市,B.18~24岁,B.女,D.大学本科,A.仍为在校学生,5,5,4,5,4,5,3,3,5,1,3,5,5,5,5,5,5,2,2,2,1
220,广东省,广州市,B.18~24岁,A.男,D.大学本科,A.仍为在校学生,4,4,5,5,4,2,4,5,5,1,2,4,5,5,5,5,2,3,3,2,2
219,广东省,,C.25~30岁,B.女,E.硕士及以上,E.6001~10000元,3,3,4,3,4,4,4,3,3,1,4,4,4,3,4,3,3,4,4,3,4
218,广东省,,B.18~24岁,B.女,E.硕士及以上,A.仍为在校学生,5,4,3,3,2,4,3,5,5,1,4,5,5,5,5,4,3,3,2,2,2
217,北京市,北京市,B.18~24岁,B.女,D.大学本科,C.1000~3000元,4,4,4,3,3,3,3,3,3,3,3,3,4,4,5,3,4,4,2,2,2
216,广东省,,B.18~24岁,B.女,D.大学本科,A.仍为在校学生,4,2,1,4,5,1,1,5,4,1,1,4,5,5,5,5,1,1,3,1,1
215,广东省,,B.18~24岁,B.女,D.大学本科,A.仍为在校学生,5,5,5,2,2,3,3,3,3,3,3,3,3,5,3,3,3,3,3,3,3
214,湖北省,武汉市,B.18~24岁,A.男,D.大学本科,A.仍为在校学生,3,3,3,1,1,1,1,1,5,1,1,5,5,5,5,5,2,2,1,1,1
213,广东省,广州市,B.18~24岁,B.女,D.大学本科,A.仍为在校学生,5,3,3,2,5,2,3,3,4,1,2,4,5,5,5,5,3,3,3,3,3
212,广西壮族自治区,南宁市,F.51~60岁,B.女,A.初中及以下,C.1000~3000元,5,5,5,2,5,5,5,5,5,1,5,5,5,5,5,5,5,5,1,1,1
211,广东省,广州市,B.18~24岁,B.女,D.大学本科,A.仍为在校学生,5,5,5,1,1,1,4,3,1,1,1,1,5,5,1,5,2,1,4,1,2
210,广东省,,B.18~24岁,B.女,D.大学本科,C.1000~3000元,3,3,3,2,4,2,4,4,4,1,4,4,4,4,2,3,4,4,2,2,2
209,广东省,,B.18~24岁,A.男,D.大学本科,A.仍为在校学生,3,3,1,5,5,3,3,5,5,1,5,5,5,5,5,5,2,2,2,1,1
208,广东省,,B.18~24岁,B.女,D.大学本科,A.仍为在校学生,4,3,2,2,3,4,5,5,5,1,3,5,5,5,5,4,3,4,2,1,2
207,广东省,,B.18~24岁,B.女,D.大学本科,A.仍为在校学生,2,2,3,4,3,2,5,5,5,1,5,5,5,5,5,4,2,4,4,2,2
206,广东省,,B.18~24岁,B.女,D.大学本科,A.仍为在校学生,5,4,4,1,1,1,3,3,4,1,2,4,3,4,2,3,3,3,4,2,2
205,广东省,佛山市,E.41~50岁,B.女,D.大学本科,E.6001~10000元,4,3,4,5,5,5,5,4,5,1,4,5,5,5,5,5,2,3,1,1,1
204,广东省,,B.18~24岁,A.男,D.大学本科,A.仍为在校学生,4,3,3,3,4,2,4,1,5,1,4,5,5,5,5,5,2,3,2,1,2
203,上海市,上海市,B.18~24岁,A.男,D.大学本科,A.仍为在校学生,5,5,5,5,1,1,1,1,1,1,1,1,1,1,1,1,1,1,1,1,1
202,上海市,上海市,B.18~24岁,B.女,D.大学本科,A.仍为在校学生,4,3,2,5,5,5,5,5,5,5,5,5,5,5,5,5,5,5,2,1,1
201,广东省,广州市,C.25~30岁,B.女,E.硕士及以上,A.仍为在校学生,3,4,3,1,3,4,4,5,5,5,2,2,5,5,5,5,1,1,3,1,1
200,江西省,,B.18~24岁,B.女,D.大学本科,A.仍为在校学生,5,3,2,4,5,3,1,1,1,1,1,1,5,5,5,5,2,4,2,1,1
199,广东省,揭阳市,B.18~24岁,B.女,D.大学本科,A.仍为在校学生,3,4,4,2,2,2,2,4,4,1,2,4,5,5,3,4,4,2,3,2,2
198,广东省,,B.18~24岁,A.男,D.大学本科,A.仍为在校学生,3,1,3,1,1,1,1,4,5,1,4,5,5,5,5,3,3,3,3,3,3
197,广东省,,B.18~24岁,A.男,E.硕士及以上,A.仍为在校学生,4,4,3,2,4,3,3,3,3,1,2,2,4,4,3,2,4,4,4,2,2
196,广东省,深圳市,E.41~50岁,A.男,B.高中/中专,F.10001~15000元,4,3,4,4,4,4,4,4,4,1,4,4,4,4,4,4,4,4,3,3,3
195,广东省,广州市,B.18~24岁,A.男,D.大学本科,A.仍为在校学生,4,4,3,3,1,1,1,2,5,1,2,4,4,5,1,4,1,2,5,5,5
194,四川省,遂宁市,B.18~24岁,B.女,E.硕士及以上,A.仍为在校学生,5,5,4,2,3,1,2,4,1,1,2,1,1,1,1,1,4,2,5,3,2
193,上海市,上海市,B.18~24岁,B.女,D.大学本科,A.仍为在校学生,4,4,3,1,1,1,3,2,4,1,1,3,2,3,1,5,5,5,5,2,2
192,广东省,,B.18~24岁,B.女,D.大学本科,C.1000~3000元,5,5,5,3,3,3,3,4,3,1,1,3,4,4,4,5,4,4,4,3,3
191,广东省,,B.18~24岁,B.女,D.大学本科,A.仍为在校学生,5,5,5,2,4,3,3,4,1,1,2,1,4,4,3,2,4,4,4,4,3
190,广东省,,B.18~24岁,B.女,D.大学本科,A.仍为在校学生,3,3,3,4,4,3,4,5,5,1,3,5,5,5,5,5,4,4,1,1,1
189,广东省,,E.41~50岁,B.女,D.大学本科,H.20000元以上,5,5,5,5,5,5,5,5,4,1,5,3,5,5,5,4,5,5,2,1,1
188,广东省,,B.18~24岁,B.女,D.大学本科,A.仍为在校学生,4,4,3,4,3,3,3,5,4,1,3,2,5,5,5,4,4,2,3,2,2
187,北京市,北京市,B.18~24岁,A.男,D.大学本科,A.仍为在校学生,2,2,2,2,3,2,2,4,4,1,2,4,4,4,4,4,4,4,4,4,4
186,广东省,广州市,B.18~24岁,B.女,D.大学本科,A.仍为在校学生,3,3,3,1,1,5,1,5,5,1,1,5,5,5,5,5,5,5,1,1,1
185,广东省,广州市,B.18~24岁,B.女,D.大学本科,C.1000~3000元,3,3,3,4,5,5,5,5,5,1,3,5,5,5,5,5,5,5,3,3,3
184,广东省,广州市,B.18~24岁,B.女,D.大学本科,A.仍为在校学生,3,3,2,4,4,4,4,4,3,1,3,2,4,4,4,4,4,4,2,2,2
183,湖北省,武汉市,B.18~24岁,A.男,D.大学本科,A.仍为在校学生,4,4,4,4,3,2,4,5,5,1,4,5,5,5,4,4,2,4,3,3,3
182,广东省,深圳市,E.41~50岁,B.女,C.大专,E.6001~10000元,5,5,5,5,4,5,5,5,5,1,5,5,5,5,5,5,5,5,2,2,2
181,广东省,,B.18~24岁,A.男,D.大学本科,D.3001~6000元,4,4,4,1,1,3,3,5,4,1,3,2,5,5,4,5,4,2,3,3,3
180,广东省,梅州市,B.18~24岁,A.男,D.大学本科,A.仍为在校学生,5,5,5,4,5,5,5,5,5,1,3,5,5,5,5,4,3,2,4,3,4
179,广东省,广州市,B.18~24岁,B.女,D.大学本科,A.仍为在校学生,3,3,2,2,4,4,4,5,5,1,3,2,5,5,5,4,4,4,3,3,3
178,广东省,,C.25~30岁,B.女,D.大学本科,F.10001~15000元,4,4,3,5,4,5,4,5,5,1,3,2,5,5,5,4,3,4,2,2,2
177,上海市,上海市,D.31~40岁,B.女,D.大学本科,G.15001~20000元,4,1,1,3,4,5,3,4,4,1,3,3,4,4,4,3,3,3,3,3,3
176,新疆维吾尔自治区,乌鲁木齐市,D.31~40岁,A.男,D.大学本科,D.3001~6000元,3,1,2,2,1,1,3,4,3,1,5,4,5,5,2,2,4,3,3,3,4
175,广西壮族自治区,,B.18~24岁,B.女,D.大学本科,A.仍为在校学生,5,5,5,4,5,5,5,5,5,1,2,2,5,5,5,5,5,5,4,4,4
174,广东省,广州市,B.18~24岁,B.女,D.大学本科,A.仍为在校学生,2,2,3,5,5,5,5,5,5,1,4,5,5,5,5,5,3,2,1,1,1
173,广东省,东莞市,B.18~24岁,A.男,D.大学本科,A.仍为在校学生,3,3,2,1,3,2,4,3,5,1,3,5,5,5,5,3,3,3,3,3,3
172,广东省,,B.18~24岁,A.男,D.大学本科,A.仍为在校学生,3,2,2,4,5,2,4,5,5,1,2,5,5,5,5,5,3,3,2,1,1
171,江西省,,D.31~40岁,A.男,A.初中及以下,C.1000~3000元,2,2,2,2,2,2,2,1,2,1,1,1,1,2,2,1,1,1,1,1,1
170,广东省,,B.18~24岁,A.男,D.大学本科,A.仍为在校学生,3,3,2,3,2,1,1,4,1,1,1,4,5,5,5,3,3,3,3,3,3
169,广东省,,D.31~40岁,B.女,D.大学本科,H.20000元以上,1,1,1,3,3,2,3,3,4,1,3,3,3,3,3,3,3,3,3,3,3
168,北京市,北京市,B.18~24岁,B.女,D.大学本科,A.仍为在校学生,4,3,2,5,3,5,3,1,2,1,1,1,3,4,3,3,3,3,2,4,3
167,广东省,,B.18~24岁,A.男,D.大学本科,A.仍为在校学生,5,5,5,5,5,5,5,5,5,1,5,5,5,5,5,5,5,5,5,5,5
166,广东省,,B.18~24岁,B.女,D.大学本科,C.1000~3000元,3,3,4,2,2,2,3,4,4,1,2,3,5,5,3,4,4,4,4,4,4
165,广东省,广州市,B.18~24岁,B.女,D.大学本科,C.1000~3000元,4,4,4,4,4,4,4,4,4,4,4,4,4,4,4,4,4,4,4,4,4
164,广东省,,B.18~24岁,A.男,D.大学本科,A.仍为在校学生,4,3,4,3,2,4,4,5,5,1,5,5,2,2,2,3,3,3,3,3,3
163,广东省,,B.18~24岁,B.女,D.大学本科,A.仍为在校学生,3,3,2,3,4,4,4,1,4,1,4,4,4,4,4,4,4,4,4,3,4
162,陕西省,西安市,B.18~24岁,B.女,E.硕士及以上,A.仍为在校学生,3,2,1,5,4,5,3,3,5,1,4,4,5,5,5,5,5,5,4,4,4
161,北京市,北京市,B.18~24岁,B.女,E.硕士及以上,A.仍为在校学生,4,3,3,2,2,2,4,4,3,1,4,4,4,4,4,4,4,4,4,3,3
160,广东省,,E.41~50岁,A.男,D.大学本科,E.6001~10000元,5,3,5,4,5,5,5,3,3,1,3,3,3,5,5,3,3,3,3,3,3
159,广东省,,B.18~24岁,B.女,D.大学本科,A.仍为在校学生,3,3,3,1,4,2,3,5,5,1,2,3,5,5,5,4,2,3,4,2,3
158,广东省,广州市,E.41~50岁,A.男,B.高中/中专,E.6001~10000元,5,5,5,5,5,5,5,5,5,5,5,5,5,5,5,5,5,5,5,5,5
157,广东省,,B.18~24岁,B.女,D.大学本科,C.1000~3000元,4,3,2,2,2,2,2,4,4,1,1,1,5,5,2,4,4,4,5,3,3
156,广东省,,B.18~24岁,A.男,D.大学本科,A.仍为在校学生,5,5,5,5,5,5,5,5,5,1,5,5,5,5,5,4,3,2,2,3,3
155,北京市,北京市,B.18~24岁,B.女,D.大学本科,C.1000~3000元,3,3,3,3,5,5,5,5,4,1,4,4,5,5,5,3,3,3,3,3,3
154,广东省,,B.18~24岁,B.女,B.高中/中专,C.1000~3000元,5,4,4,4,5,5,5,4,5,1,4,4,5,4,4,4,3,4,4,4,3
153,广东省,广州市,B.18~24岁,A.男,D.大学本科,A.仍为在校学生,4,4,4,5,5,5,5,5,5,1,5,5,5,5,5,5,5,5,2,2,2
152,广东省,,B.18~24岁,A.男,D.大学本科,A.仍为在校学生,5,5,3,1,3,4,3,5,5,1,1,1,5,5,5,4,2,1,5,4,4
151,广东省,深圳市,B.18~24岁,B.女,D.大学本科,C.1000~3000元,5,4,4,3,3,4,3,4,5,1,3,5,5,5,5,4,4,4,3,3,3
150,广东省,广州市,B.18~24岁,B.女,D.大学本科,A.仍为在校学生,4,4,4,3,5,5,5,5,2,1,2,3,5,5,5,4,5,5,2,1,1
149,广东省,,B.18~24岁,B.女,D.大学本科,A.仍为在校学生,4,3,2,5,5,5,5,5,5,1,1,4,5,5,5,5,3,4,3,4,4
148,,,B.18~24岁,B.女,D.大学本科,A.仍为在校学生,2,2,1,1,1,1,1,1,4,1,1,3,5,5,1,4,4,4,4,4,2
147,广东省,广州市,B.18~24岁,B.女,D.大学本科,A.仍为在校学生,4,4,3,4,4,4,4,4,4,1,4,4,4,4,5,4,3,3,3,2,2
146,广东省,,B.18~24岁,B.女,E.硕士及以上,A.仍为在校学生,4,2,4,2,2,2,2,4,1,1,2,2,2,2,2,3,2,3,4,4,4
145,湖南省,株洲市,B.18~24岁,A.男,D.大学本科,A.仍为在校学生,4,4,3,3,4,3,4,4,4,5,4,4,5,5,5,4,2,2,2,1,1
144,广东省,,B.18~24岁,A.男,D.大学本科,A.仍为在校学生,4,3,4,5,4,4,5,5,4,1,2,5,5,5,5,5,3,4,2,2,3
143,广东省,,B.18~24岁,B.女,E.硕士及以上,C.1000~3000元,5,5,5,3,3,3,3,3,3,1,3,3,3,3,3,4,4,5,3,3,3
142,广东省,,B.18~24岁,B.女,D.大学本科,A.仍为在校学生,4,4,3,4,3,2,2,2,2,1,1,1,4,4,3,4,3,4,3,4,3
141,广东省,,C.25~30岁,B.女,E.硕士及以上,C.1000~3000元,5,5,5,2,3,3,2,4,2,1,2,4,5,5,5,4,3,2,2,1,1
140,广东省,深圳市,B.18~24岁,B.女,D.大学本科,D.3001~6000元,5,4,4,3,4,4,4,5,5,1,2,2,5,5,5,4,3,4,3,2,3
139,广东省,揭阳市,B.18~24岁,B.女,D.大学本科,A.仍为在校学生,4,3,4,4,5,5,5,5,5,1,5,5,5,5,5,4,2,3,2,4,4
138,广东省,,B.18~24岁,A.男,D.大学本科,C.1000~3000元,3,3,4,2,2,4,3,4,4,1,3,4,5,5,5,4,4,4,3,3,3
137,广东省,揭阳市,B.18~24岁,B.女,D.大学本科,A.仍为在校学生,4,4,4,4,4,4,4,4,4,1,2,2,3,3,3,3,3,3,3,3,3
136,广东省,广州市,B.18~24岁,A.男,D.大学本科,A.仍为在校学生,5,5,5,5,5,5,5,5,5,1,1,1,5,5,5,5,5,5,2,2,2
135,天津市,天津市,B.18~24岁,B.女,D.大学本科,A.仍为在校学生,4,4,3,2,2,3,3,3,3,1,2,3,3,3,2,4,2,2,4,2,2
134,湖南省,永州市,A.18岁以下,A.男,B.高中/中专,A.仍为在校学生,4,3,4,3,3,3,3,3,2,1,2,2,5,5,5,2,3,2,2,3,2
133,广西壮族自治区,,F.51~60岁,B.女,D.大学本科,D.3001~6000元,5,5,5,5,5,5,5,5,5,1,5,1,5,5,5,5,2,2,2,2,2
132,广东省,惠州市,B.18~24岁,A.男,E.硕士及以上,C.1000~3000元,5,2,3,5,4,2,4,4,5,1,3,4,5,5,5,4,5,4,4,3,5
131,湖南省,岳阳市,B.18~24岁,B.女,D.大学本科,A.仍为在校学生,5,5,4,5,5,5,5,5,5,5,5,5,5,5,5,2,4,5,5,5,5
130,广东省,广州市,B.18~24岁,B.女,D.大学本科,A.仍为在校学生,4,3,3,4,4,4,2,4,4,1,1,1,4,4,4,4,4,4,3,3,3
129,广东省,,B.18~24岁,B.女,D.大学本科,A.仍为在校学生,3,1,1,2,2,2,3,4,4,1,2,2,5,5,2,2,2,4,4,2,3
128,广东省,广州市,B.18~24岁,B.女,D.大学本科,A.仍为在校学生,4,4,4,4,4,4,4,4,3,1,1,1,5,5,5,5,2,2,5,2,2
127,海南省,海口市,B.18~24岁,A.男,D.大学本科,A.仍为在校学生,4,5,5,5,5,5,1,1,4,1,1,4,5,5,5,5,5,5,5,5,5
126,广东省,广州市,C.25~30岁,B.女,D.大学本科,E.6001~10000元,3,3,3,1,1,5,5,3,5,1,1,5,5,5,5,3,4,3,3,3,3
125,广东省,广州市,B.18~24岁,B.女,E.硕士及以上,A.仍为在校学生,5,5,3,4,4,1,4,4,4,1,1,5,5,5,5,4,4,4,4,4,4
124,广东省,深圳市,B.18~24岁,A.男,D.大学本科,A.仍为在校学生,5,5,4,5,5,5,5,5,5,1,3,3,5,5,5,4,3,4,5,2,3
123,广东省,,B.18~24岁,B.女,D.大学本科,A.仍为在校学生,4,3,4,3,5,3,3,4,3,1,2,4,4,4,4,4,4,2,4,3,3
122,广东省,,B.18~24岁,A.男,D.大学本科,A.仍为在校学生,3,3,3,3,3,3,3,3,3,3,3,3,3,3,3,3,3,3,3,3,3
121,广东省,,B.18~24岁,A.男,D.大学本科,A.仍为在校学生,3,3,4,1,1,1,1,2,3,1,1,3,3,4,3,4,4,4,4,3,3
120,广西壮族自治区,钦州市,E.41~50岁,B.女,C.大专,D.3001~6000元,3,4,5,3,3,5,5,3,3,1,3,3,3,3,3,3,3,3,3,3,3
119,广东省,,B.18~24岁,B.女,D.大学本科,A.仍为在校学生,3,4,2,2,3,2,2,2,5,1,2,4,5,4,4,4,3,4,4,3,3
118,广东省,,B.18~24岁,B.女,D.大学本科,A.仍为在校学生,4,2,2,4,2,1,5,4,4,1,4,2,5,5,4,4,2,2,3,3,3
117,湖南省,湘潭市,E.41~50岁,A.男,B.高中/中专,D.3001~6000元,5,5,4,1,5,5,5,5,5,1,5,5,5,5,5,5,5,5,1,1,1
116,广东省,,B.18~24岁,A.男,D.大学本科,C.1000~3000元,4,2,1,2,3,3,2,3,1,1,2,2,4,5,4,5,3,1,2,2,4
115,广东省,,B.18~24岁,B.女,D.大学本科,A.仍为在校学生,5,5,4,4,2,2,3,5,3,1,2,2,5,5,3,4,3,3,3,2,2
114,广东省,,B.18~24岁,A.男,D.大学本科,A.仍为在校学生,4,5,4,5,1,1,3,4,3,1,1,2,4,4,3,5,5,5,4,2,2
113,广东省,,B.18~24岁,A.男,B.高中/中专,A.仍为在校学生,4,4,4,2,2,2,2,1,3,1,2,2,4,4,4,3,3,4,4,3,4
112,广东省,佛山市,B.18~24岁,B.女,D.大学本科,A.仍为在校学生,4,4,2,5,1,1,1,3,1,1,1,1,5,5,1,2,5,5,5,1,2
111,广东省,,B.18~24岁,A.男,D.大学本科,A.仍为在校学生,4,4,3,3,3,3,4,4,4,1,4,4,5,5,5,4,4,2,3,3,1
110,陕西省,西安市,C.25~30岁,B.女,B.高中/中专,D.3001~6000元,4,5,4,4,4,5,5,3,3,1,3,3,4,3,3,3,3,3,2,3,3
109,广东省,广州市,C.25~30岁,B.女,E.硕士及以上,E.6001~10000元,5,4,4,5,5,5,5,5,5,1,5,5,5,5,5,5,5,5,1,1,1
108,广东省,广州市,B.18~24岁,A.男,D.大学本科,D.3001~6000元,5,5,5,5,1,1,1,3,4,1,1,1,4,4,4,5,5,5,4,1,1
107,广东省,东莞市,B.18~24岁,A.男,D.大学本科,A.仍为在校学生,5,5,5,5,5,5,5,5,5,5,5,5,5,5,5,5,5,5,5,5,5
106,湖南省,长沙市,D.31~40岁,B.女,A.初中及以下,B.1000元以下,5,5,5,5,5,5,5,5,5,1,5,5,5,5,5,5,5,5,5,5,5
105,广东省,广州市,B.18~24岁,A.男,D.大学本科,A.仍为在校学生,4,3,3,3,3,3,3,4,4,1,3,3,5,5,5,4,2,4,2,2,2
104,广东省,,B.18~24岁,B.女,D.大学本科,A.仍为在校学生,4,4,2,1,4,1,1,5,4,1,3,5,5,5,5,5,4,2,2,1,1
103,湖南省,,B.18~24岁,B.女,D.大学本科,A.仍为在校学生,3,3,3,2,2,3,3,3,3,3,3,3,3,3,3,3,3,3,3,3,3
102,北京市,北京市,C.25~30岁,B.女,C.大专,E.6001~10000元,5,5,4,4,5,5,5,4,5,1,4,4,5,5,5,5,2,2,2,1,1
101,广东省,,B.18~24岁,B.女,D.大学本科,A.仍为在校学生,4,3,3,1,5,3,4,5,5,1,3,5,5,5,5,4,3,3,1,1,1
100,广东省,,B.18~24岁,A.男,D.大学本科,A.仍为在校学生,5,5,3,5,5,5,5,5,5,1,1,1,5,5,5,5,5,5,1,1,1
99,重庆市,重庆市,B.18~24岁,A.男,D.大学本科,A.仍为在校学生,5,5,5,3,4,3,4,5,5,1,2,2,5,5,5,5,5,5,2,2,2
98,广东省,,B.18~24岁,B.女,D.大学本科,C.1000~3000元,4,4,4,2,2,2,2,4,4,1,2,2,4,4,3,4,4,4,5,3,3
97,广东省,汕头市,B.18~24岁,B.女,D.大学本科,A.仍为在校学生,4,4,4,4,3,3,3,3,2,1,3,2,3,3,3,2,3,2,3,2,4
96,广东省,广州市,B.18~24岁,B.女,D.大学本科,A.仍为在校学生,3,4,4,2,4,4,4,4,5,1,5,5,3,2,3,3,4,4,4,3,3
95,广东省,,B.18~24岁,A.男,D.大学本科,A.仍为在校学生,5,5,3,3,3,3,3,5,4,1,2,4,5,5,5,3,4,3,2,3,2
94,广东省,,B.18~24岁,A.男,D.大学本科,A.仍为在校学生,3,3,4,5,3,5,4,2,2,1,4,4,4,4,4,5,5,5,2,2,2
93,广东省,,B.18~24岁,B.女,D.大学本科,A.仍为在校学生,4,2,2,2,4,4,4,4,4,1,4,2,2,2,2,4,4,4,3,2,2
92,广东省,,B.18~24岁,A.男,D.大学本科,A.仍为在校学生,5,4,4,5,5,5,5,5,5,1,5,5,5,5,5,4,3,3,3,2,2
91,江西省,南昌市,B.18~24岁,B.女,D.大学本科,A.仍为在校学生,4,3,3,1,1,1,1,3,4,1,1,1,5,5,5,5,5,5,4,2,2
90,广东省,,B.18~24岁,C.其他,D.大学本科,A.仍为在校学生,5,5,5,5,5,5,5,5,5,1,3,3,5,5,5,5,5,5,2,2,2
89,陕西省,,B.18~24岁,B.女,D.大学本科,A.仍为在校学生,4,4,2,2,4,1,1,5,5,1,1,1,5,5,5,4,5,5,5,3,3
88,福建省,福州市,A.18岁以下,C.其他,D.大学本科,A.仍为在校学生,4,5,5,1,1,1,2,3,1,1,2,1,2,2,3,4,3,5,5,2,3
87,广东省,广州市,B.18~24岁,A.男,D.大学本科,A.仍为在校学生,5,5,3,4,1,1,3,3,2,1,1,3,3,3,2,3,3,3,3,3,3
86,广东省,广州市,B.18~24岁,A.男,D.大学本科,C.1000~3000元,4,2,4,5,3,1,3,4,5,1,2,4,5,5,5,5,3,1,3,2,2
85,广东省,,B.18~24岁,B.女,D.大学本科,B.1000元以下,4,5,4,2,4,2,4,5,3,1,2,2,4,5,2,4,2,3,3,2,2
84,广东省,,B.18~24岁,B.女,D.大学本科,A.仍为在校学生,5,5,5,3,3,3,3,3,2,1,2,2,2,2,2,5,5,5,4,4,4
83,广东省,广州市,B.18~24岁,B.女,D.大学本科,A.仍为在校学生,4,4,5,2,2,2,2,4,4,1,2,4,5,5,3,4,2,2,4,2,3
82,广东省,深圳市,C.25~30岁,B.女,D.大学本科,E.6001~10000元,3,3,3,4,3,4,3,5,5,1,5,5,5,5,5,5,5,5,3,3,3
81,广东省,,B.18~24岁,B.女,D.大学本科,A.仍为在校学生,3,4,2,2,4,3,3,3,3,1,1,1,3,5,1,4,5,5,3,5,3
80,江苏省,,B.18~24岁,B.女,D.大学本科,A.仍为在校学生,3,3,3,3,3,3,3,4,4,1,1,1,4,4,3,4,4,4,4,3,3
79,广东省,广州市,B.18~24岁,B.女,D.大学本科,A.仍为在校学生,4,3,3,4,4,5,4,4,3,1,2,3,4,4,3,4,5,4,3,1,1
78,湖南省,长沙市,B.18~24岁,B.女,D.大学本科,A.仍为在校学生,5,5,5,4,5,5,5,5,3,1,4,5,5,5,5,5,5,5,2,2,2
77,北京市,北京市,E.41~50岁,A.男,C.大专,F.10001~15000元,5,5,5,5,5,5,5,5,5,1,5,5,5,5,5,5,5,4,5,5,5
76,广东省,,E.41~50岁,B.女,A.初中及以下,F.10001~15000元,5,3,5,5,5,5,5,5,5,1,5,5,5,5,5,5,5,5,1,1,1
75,湖南省,长沙市,B.18~24岁,B.女,D.大学本科,A.仍为在校学生,3,2,3,1,3,4,5,5,5,1,5,5,5,5,5,4,3,3,3,4,3
74,广东省,,B.18~24岁,B.女,D.大学本科,A.仍为在校学生,4,2,3,2,4,3,4,2,2,1,2,2,2,2,3,2,4,2,3,4,4
73,湖北省,武汉市,B.18~24岁,A.男,E.硕士及以上,A.仍为在校学生,4,2,1,2,5,5,2,5,5,1,3,5,5,5,5,4,2,2,1,1,1
72,广东省,深圳市,B.18~24岁,B.女,D.大学本科,A.仍为在校学生,4,4,4,3,3,2,2,4,4,1,2,2,4,4,2,3,2,4,4,2,2
71,广东省,广州市,B.18~24岁,B.女,D.大学本科,A.仍为在校学生,3,3,3,2,2,2,2,4,3,1,3,3,4,4,2,5,4,4,4,3,3
70,北京市,北京市,E.41~50岁,B.女,C.大专,E.6001~10000元,4,5,5,3,5,5,5,5,5,1,5,5,5,5,5,4,4,3,2,2,1
69,广东省,,B.18~24岁,B.女,D.大学本科,A.仍为在校学生,4,3,5,5,5,1,5,5,5,1,5,5,5,5,5,5,5,5,2,2,2
68,广东省,,B.18~24岁,B.女,D.大学本科,B.1000元以下,5,5,3,3,3,3,3,5,4,1,3,4,5,5,4,3,2,4,3,2,1
67,广东省,佛山市,B.18~24岁,A.男,D.大学本科,F.10001~15000元,4,4,4,4,2,1,2,5,5,1,2,5,5,5,5,5,5,5,3,2,2
66,湖南省,,B.18~24岁,B.女,D.大学本科,A.仍为在校学生,5,5,5,1,5,1,1,5,5,1,1,1,5,5,5,5,5,5,5,5,5
65,广东省,,B.18~24岁,B.女,D.大学本科,A.仍为在校学生,4,5,5,1,1,1,1,4,2,1,1,5,5,5,5,1,3,3,2,3,4
64,广东省,深圳市,B.18~24岁,B.女,E.硕士及以上,A.仍为在校学生,4,3,4,3,5,3,3,5,5,1,1,1,4,5,5,4,2,3,5,2,3
63,广东省,广州市,B.18~24岁,A.男,D.大学本科,A.仍为在校学生,5,4,5,4,2,4,4,3,5,1,2,4,5,5,5,3,4,4,3,3,3
62,江西省,南昌市,B.18~24岁,B.女,D.大学本科,A.仍为在校学生,3,3,4,2,4,2,4,5,5,1,3,4,5,5,5,4,3,4,2,2,2
61,广东省,,B.18~24岁,B.女,D.大学本科,A.仍为在校学生,5,5,5,5,5,5,5,5,5,5,5,5,5,5,5,5,5,5,5,5,5
60,广东省,,F.51~60岁,B.女,D.大学本科,G.15001~20000元,3,3,3,3,3,1,4,4,5,3,3,4,5,5,5,5,3,3,2,2,2
59,广东省,,B.18~24岁,B.女,D.大学本科,A.仍为在校学生,4,4,2,4,2,4,4,4,4,1,1,4,5,5,2,4,2,2,2,2,4
58,广东省,,B.18~24岁,A.男,D.大学本科,A.仍为在校学生,2,2,1,5,5,5,5,5,1,1,1,1,5,5,3,1,2,3,4,3,5
57,广东省,,B.18~24岁,B.女,D.大学本科,A.仍为在校学生,5,5,5,3,3,5,3,4,4,1,4,4,5,5,5,4,4,4,3,3,3
56,广东省,广州市,B.18~24岁,A.男,D.大学本科,A.仍为在校学生,5,5,4,1,3,1,2,5,3,1,1,1,1,1,1,5,5,4,5,2,3
55,广东省,汕头市,B.18~24岁,B.女,D.大学本科,A.仍为在校学生,3,2,2,3,5,5,5,5,5,1,5,3,5,5,5,4,3,2,1,1,1
54,湖南省,长沙市,B.18~24岁,B.女,D.大学本科,E.6001~10000元,3,3,4,4,4,4,4,4,4,1,4,4,4,4,4,4,4,4,4,4,4
53,广东省,,B.18~24岁,C.其他,A.初中及以下,A.仍为在校学生,3,3,3,3,3,3,3,3,3,1,3,3,3,3,3,5,5,5,3,3,3
52,广东省,深圳市,E.41~50岁,A.男,B.高中/中专,E.6001~10000元,3,4,3,2,2,2,4,3,3,1,3,3,5,5,5,4,4,4,2,2,2
51,广东省,,C.25~30岁,B.女,C.大专,D.3001~6000元,5,5,3,1,4,5,5,5,3,1,3,1,5,5,5,5,5,5,1,1,1
50,广东省,东莞市,B.18~24岁,A.男,D.大学本科,A.仍为在校学生,5,5,5,4,4,3,3,2,1,1,2,1,4,5,5,3,3,3,3,3,3
49,广东省,广州市,B.18~24岁,B.女,D.大学本科,A.仍为在校学生,5,5,5,4,3,4,4,4,3,3,3,4,4,4,4,4,3,4,4,3,4
48,广东省,广州市,B.18~24岁,B.女,D.大学本科,A.仍为在校学生,3,1,1,3,1,1,4,4,3,1,3,2,5,5,5,3,3,3,3,3,3
47,广东省,,A.18岁以下,A.男,A.初中及以下,A.仍为在校学生,4,4,3,4,4,4,4,3,3,1,2,3,4,3,4,3,4,4,2,2,2
46,广东省,广州市,B.18~24岁,B.女,D.大学本科,A.仍为在校学生,4,3,3,4,4,4,4,4,4,1,2,5,5,5,5,4,4,5,5,4,4
45,广东省,广州市,B.18~24岁,B.女,D.大学本科,A.仍为在校学生,4,4,4,3,4,2,4,4,4,1,1,2,5,5,4,5,5,5,4,3,3
44,陕西省,,B.18~24岁,A.男,D.大学本科,A.仍为在校学生,4,2,2,2,4,4,4,4,5,1,3,5,5,5,5,5,5,2,1,1,1
43,广东省,,B.18~24岁,A.男,D.大学本科,A.仍为在校学生,5,4,3,5,4,2,2,3,3,1,4,1,2,3,1,3,5,4,5,3,2
42,北京市,北京市,E.41~50岁,A.男,B.高中/中专,F.10001~15000元,3,3,5,3,3,3,3,3,3,1,3,3,5,5,5,5,5,5,1,1,1
41,黑龙江省,,E.41~50岁,B.女,C.大专,D.3001~6000元,5,5,5,2,4,4,4,4,2,1,2,2,5,5,5,4,4,4,1,1,1
40,广东省,广州市,B.18~24岁,B.女,E.硕士及以上,A.仍为在校学生,2,2,1,1,1,1,3,4,4,1,3,3,5,5,5,4,2,3,2,2,2
39,广东省,,B.18~24岁,B.女,D.大学本科,A.仍为在校学生,2,2,3,2,2,2,2,4,4,1,3,4,4,4,2,4,3,4,4,2,4
38,广东省,,B.18~24岁,B.女,D.大学本科,C.1000~3000元,4,4,2,5,1,1,1,5,5,1,1,5,5,5,5,4,3,4,2,2,2
37,广东省,,B.18~24岁,B.女,D.大学本科,A.仍为在校学生,4,3,4,3,2,2,2,2,2,1,1,1,3,3,1,4,3,4,5,2,5
36,广东省,深圳市,B.18~24岁,A.男,D.大学本科,A.仍为在校学生,4,4,5,3,2,1,2,3,3,1,2,1,5,5,4,4,4,4,1,2,1
35,广东省,,B.18~24岁,A.男,D.大学本科,A.仍为在校学生,5,5,5,3,1,2,4,5,2,1,2,2,3,3,3,5,4,3,3,3,3
34,湖南省,长沙市,E.41~50岁,A.男,E.硕士及以上,G.15001~20000元,5,5,5,5,5,5,5,5,3,1,3,1,5,5,5,5,5,5,5,5,5
33,广东省,,B.18~24岁,B.女,E.硕士及以上,A.仍为在校学生,4,2,3,1,3,5,3,1,5,1,1,3,3,3,4,2,4,4,5,3,3
32,河南省,,E.41~50岁,B.女,B.高中/中专,D.3001~6000元,5,5,5,1,1,1,1,1,1,1,1,1,1,1,1,5,5,5,4,4,4
31,广东省,,B.18~24岁,B.女,D.大学本科,A.仍为在校学生,3,3,3,3,3,3,3,3,3,3,3,3,3,3,3,4,3,4,2,3,2
30,广东省,,B.18~24岁,B.女,E.硕士及以上,A.仍为在校学生,4,3,3,3,4,3,3,4,3,1,2,2,5,5,4,3,3,4,2,2,2
29,广东省,深圳市,B.18~24岁,A.男,E.硕士及以上,A.仍为在校学生,4,4,4,4,4,4,4,4,4,1,4,4,4,4,4,4,3,3,4,4,4
28,,,B.18~24岁,B.女,D.大学本科,E.6001~10000元,5,2,3,5,1,1,1,1,1,1,1,1,5,5,1,5,2,2,5,4,4
27,广东省,广州市,B.18~24岁,B.女,D.大学本科,C.1000~3000元,3,2,2,4,4,4,3,4,4,1,4,4,5,5,5,5,4,4,1,1,1
26,广东省,,B.18~24岁,A.男,D.大学本科,A.仍为在校学生,4,4,3,2,1,2,3,3,3,1,2,3,4,4,2,4,1,2,4,1,1
25,广东省,,B.18~24岁,B.女,D.大学本科,A.仍为在校学生,5,5,5,2,4,1,4,4,4,1,4,4,5,5,5,5,5,2,1,1,1
24,广东省,,B.18~24岁,A.男,D.大学本科,A.仍为在校学生,5,4,3,4,4,2,2,2,3,1,3,2,3,2,3,3,4,3,3,4,3
23,广东省,,B.18~24岁,B.女,D.大学本科,A.仍为在校学生,5,5,3,2,2,4,3,2,3,1,1,5,4,4,4,5,5,5,5,5,5
22,广东省,广州市,B.18~24岁,B.女,E.硕士及以上,C.1000~3000元,5,5,5,5,5,5,5,5,5,1,5,5,5,5,5,5,5,5,3,3,3
21,湖南省,,E.41~50岁,B.女,C.大专,D.3001~6000元,5,5,5,1,5,5,5,5,5,1,5,5,5,5,5,5,5,5,1,1,1
20,广西壮族自治区,,F.51~60岁,B.女,D.大学本科,D.3001~6000元,5,5,5,5,5,5,5,5,5,1,5,5,5,5,5,5,5,5,5,5,5
19,广东省,,B.18~24岁,B.女,D.大学本科,A.仍为在校学生,4,4,4,3,4,4,4,4,4,1,2,3,5,5,5,4,3,4,3,2,3
18,陕西省,渭南市,D.31~40岁,B.女,C.大专,D.3001~6000元,4,4,4,3,4,4,4,4,4,1,4,4,4,4,4,4,4,4,2,2,2
17,吉林省,白城市,E.41~50岁,B.女,C.大专,D.3001~6000元,5,5,5,5,5,5,5,5,5,5,5,5,5,5,5,4,5,5,5,5,5
16,山东省,临沂市,E.41~50岁,B.女,B.高中/中专,C.1000~3000元,5,5,5,5,5,5,5,5,5,1,5,5,5,5,5,5,5,5,1,1,1
15,山西省,吕梁市,D.31~40岁,A.男,B.高中/中专,C.1000~3000元,4,4,4,5,5,5,5,5,3,1,4,3,5,4,5,3,4,5,3,3,4
14,河南省,,E.41~50岁,B.女,C.大专,D.3001~6000元,5,4,4,4,3,4,3,3,4,1,2,4,4,5,5,3,4,4,2,2,2
13,山西省,吕梁市,D.31~40岁,B.女,D.大学本科,D.3001~6000元,5,4,5,4,5,4,4,4,5,5,4,5,4,4,4,4,4,3,3,4,3
12,山西省,,D.31~40岁,B.女,C.大专,C.1000~3000元,5,5,5,5,5,5,5,5,5,1,5,5,5,5,5,5,5,4,5,4,5
11,安徽省,,E.41~50岁,B.女,C.大专,D.3001~6000元,5,5,4,3,3,2,2,2,2,1,1,2,3,3,3,2,2,3,2,2,2
10,广东省,广州市,B.18~24岁,A.男,D.大学本科,A.仍为在校学生,4,4,,4,3,4,2,4,4,1,2,4,4,5,5,4,4,,2,2,
9,北京市,北京市,B.18~24岁,B.女,D.大学本科,A.仍为在校学生,4,3,,3,4,2,4,4,4,1,3,4,5,5,3,4,4,,1,1,
8,广东省,,B.18~24岁,A.男,D.大学本科,A.仍为在校学生,4,4,,2,3,2,2,5,5,1,2,5,5,5,5,4,5,,3,2,
7,上海市,上海市,B.18~24岁,B.女,D.大学本科,A.仍为在校学生,5,5,,5,5,1,5,5,5,1,1,5,5,5,1,5,1,,3,5,
6,广东省,,C.25~30岁,B.女,E.硕士及以上,A.仍为在校学生,3,4,,2,3,2,3,4,4,1,2,3,5,5,2,5,2,,4,2,
5,广东省,,B.18~24岁,B.女,D.大学本科,A.仍为在校学生,4,3,,2,2,2,2,4,4,1,3,4,5,5,4,5,2,,3,2,
4,,,B.18~24岁,A.男,D.大学本科,A.仍为在校学生,4,4,,1,5,5,5,5,1,1,1,1,5,5,4,1,4,,5,2,
3,广东省,,B.18~24岁,B.女,D.大学本科,A.仍为在校学生,4,5,,1,3,3,3,4,2,1,1,1,4,4,3,4,2,,3,2,
2,广东省,广州市,B.18~24岁,A.男,D.大学本科,A.仍为在校学生,4,4,,1,3,4,4,4,4,1,3,4,5,5,5,4,4,,2,2,
1,广东省,广州市,B.18~24岁,A.男,D.大学本科,A.仍为在校学生,5,2,,1,5,1,3,5,5,1,4,1,5,5,5,4,4,,5,2,
